{
  "train_loss": [
    1.5373442403475444,
    0.7864997017383576,
    0.5726207156976064,
    0.4187454875310262,
    0.3858269274234772,
    0.3556000419457753,
    0.30727721969286603,
    0.2936036827166875,
    0.26850538452466327,
    0.24542386492093404,
    0.24188428580760957,
    0.21675952752431235,
    0.1994866116841634,
    0.1843106480439504,
    0.18001567860444387,
    0.1837358578046163,
    0.1692068698008855,
    0.1445573944846789,
    0.1654864643017451,
    0.12823003947734832,
    0.13342890461285908,
    0.11164197494586309,
    0.11362693697214127,
    0.10722804635763168,
    0.10484201769034068,
    0.09444331179062525,
    0.08803231686353684,
    0.08776604652404785,
    0.08228123893340429,
    0.08704489221175511,
    0.08494446707268556,
    0.08422361085812251,
    0.0779475016395251,
    0.07994550804297129,
    0.07461340869466464,
    0.07629996558030447,
    0.07468155483404795,
    0.07475162317355474,
    0.07020803252855937,
    0.07603786081075668,
    0.07053302625815074,
    0.07141975089907646,
    0.06966758072376251,
    0.07214431767662366,
    0.0671547698477904,
    0.06996442496776581,
    0.07120658288399379,
    0.06846314360698064,
    0.06638258477052053,
    0.0700872307519118
  ],
  "val_loss": [
    1.1229463951786358,
    0.5465069448947907,
    0.31579483350118004,
    0.24221233715613683,
    0.4448498915632566,
    0.3551449928681056,
    0.21478768895069758,
    0.17886098061998684,
    0.2188170108695825,
    0.292568366676569,
    0.2174866176644961,
    0.18950416018565497,
    0.15324597621957461,
    0.2567284580071767,
    0.4522868206103643,
    0.16981660060584544,
    0.2403263562421004,
    0.19722169836362202,
    0.22308331303298473,
    0.2525862708687782,
    0.18094611960152784,
    0.1815394523491462,
    0.19829956407348315,
    0.1657057725638151,
    0.18678626529872416,
    0.16359403677284717,
    0.16680902985235055,
    0.21545434653759002,
    0.16554431786139806,
    0.1992012570053339,
    0.21720128739873568,
    0.17126637496054173,
    0.18952354942758878,
    0.17185124004880586,
    0.18607586659491063,
    0.21230849819878736,
    0.17986704874783754,
    0.17967364627867938,
    0.1892666760087013,
    0.19605936534702778,
    0.18569657802581788,
    0.18714620115856329,
    0.18940017542491355,
    0.1887797603259484,
    0.1714371271431446,
    0.1813956931605935,
    0.1885737442225218,
    0.18398456037044525,
    0.18270817746718723,
    0.1944669452557961
  ],
  "val_accuracy": [
    0.665,
    0.825,
    0.895,
    0.915,
    0.885,
    0.8933333333333333,
    0.9333333333333333,
    0.925,
    0.94,
    0.905,
    0.9183333333333333,
    0.9366666666666666,
    0.94,
    0.935,
    0.9083333333333333,
    0.9333333333333333,
    0.955,
    0.945,
    0.9416666666666667,
    0.9233333333333333,
    0.9533333333333334,
    0.95,
    0.9483333333333334,
    0.9483333333333334,
    0.9516666666666667,
    0.9483333333333334,
    0.95,
    0.945,
    0.9516666666666667,
    0.9516666666666667,
    0.94,
    0.9483333333333334,
    0.9483333333333334,
    0.9466666666666667,
    0.95,
    0.945,
    0.9416666666666667,
    0.9483333333333334,
    0.9466666666666667,
    0.9483333333333334,
    0.9483333333333334,
    0.95,
    0.945,
    0.9466666666666667,
    0.945,
    0.9533333333333334,
    0.95,
    0.9483333333333334,
    0.9483333333333334,
    0.9483333333333334
  ],
  "val_dist_mae": [
    0.9885683059692383,
    0.640172004699707,
    0.43326497077941895,
    0.37790006399154663,
    0.5128927826881409,
    0.44384118914604187,
    0.3974178433418274,
    0.3144889771938324,
    0.3828491270542145,
    0.40512487292289734,
    0.3567367494106293,
    0.359591543674469,
    0.2959545850753784,
    0.41501104831695557,
    0.5555803179740906,
    0.30232569575309753,
    0.435753732919693,
    0.32209059596061707,
    0.339447557926178,
    0.3823237121105194,
    0.3662886917591095,
    0.36391663551330566,
    0.37667033076286316,
    0.31866180896759033,
    0.3598991930484772,
    0.31916123628616333,
    0.31688788533210754,
    0.3879396319389343,
    0.3026808798313141,
    0.3529599905014038,
    0.38072219491004944,
    0.32346969842910767,
    0.35958582162857056,
    0.31250667572021484,
    0.331089586019516,
    0.3705627918243408,
    0.33754536509513855,
    0.3344152271747589,
    0.34685710072517395,
    0.3575631380081177,
    0.3448716104030609,
    0.3276118338108063,
    0.3364797830581665,
    0.34138253331184387,
    0.31670552492141724,
    0.34043359756469727,
    0.3413463234901428,
    0.3390016257762909,
    0.3363822400569916,
    0.35234495997428894
  ]
}